docid	date	url	title	wiki_md5	text_md5
2018-01-03_00_Scaffolding	2018-01-03	https://en.wikinews.org/wiki/Scaffolding_collapses_in_Copenhagen	Scaffolding collapses in Copenhagen	75ba2fbbb03e7e64924b7a0c3463da0a	123882c63adc3dad721053918b3d2482
2018-01-04_00_England	2018-01-04	https://en.wikinews.org/wiki/England:_Multi-storey_carpark_in_Liverpool_gutted_by_fire,_1,300_vehicles_destroyed	England: Multi-storey carpark in Liverpool gutted by fire, 1,300 vehicles destroyed	4c0ede337986aa1b9f83432fb4b3ea69	39c0f96be8d777b3ec94d8f4235b31fe
2018-01-04_01_Tennis	2018-01-04	https://en.wikinews.org/wiki/Tennis:_Andy_Murray_withdraws_from_Australian_Open	Tennis: Andy Murray withdraws from Australian Open	b7164d49c8e52021527f1f4efb6cbfed	6f5f0da9b6ab5a4f625f7730deb0681b
2018-01-06_00_Mysterious	2018-01-06	https://en.wikinews.org/wiki/Mysterious_dimming_of_Tabby%27s_star_likely_due_to_space_dust,_not_alien_superstructures,_say_scientists	Mysterious dimming of Tabby's star likely due to space dust, not alien superstructures, say scientists	d6a89d369d8da7fdba4494061e457592	2fdd104771ae354eb0950e9fb5300723
2018-01-08_00_Saudi	2018-01-08	https://en.wikinews.org/wiki/Saudi_Arabia:_Princes_arrested_after_protesting_austerity	Saudi Arabia: Princes arrested after protesting austerity	bf58183be28b5290ff83be61b640d01c	aa77dc0973736b139d4655a482494d19
2018-01-10_00_Israel	2018-01-10	https://en.wikinews.org/wiki/Israel_issues_travel_ban_on_20_non-government_organizations_over_pro-Palestinian_boycotts	Israel issues travel ban on 20 non-government organizations over pro-Palestinian boycotts	87a5ee6597d16bc0bebe3b062a0ee3a2	3bd7f15c6f648d7e1871f10b9f642219
2018-01-11_00_United	2018-01-11	https://en.wikinews.org/wiki/United_States:_At_least_fifteen_dead_in_Southern_California_after_rain_causes_mudslides_and_floods	United States: At least fifteen dead in Southern California after rain causes mudslides and floods	5fb346fb59177512d458d6f44b3467ab	b04b29c7cf4abe571fb9cd41461ba9de
2018-01-15_00_Turkey	2018-01-15	https://en.wikinews.org/wiki/Turkey:_Aircraft_skids_off_runway_toward_Black_Sea	Turkey: Aircraft skids off runway toward Black Sea	49b5cb0b3e877881cbced8ddc6e8a4e6	4278204f7764cdad0dac9724828b6e70
2018-01-16_00_Airborne	2018-01-16	https://en.wikinews.org/wiki/Airborne_sedan_smashes_into_dental_office_in_Santa_Ana,_California,_US	Airborne sedan smashes into dental office in Santa Ana, California, US	d65af5f5457ce7de7760c3185f336db4	dc87b257016673fc3255586618912910
2018-01-16_01_United	2018-01-16	https://en.wikinews.org/wiki/United_States:_State_of_Hawaii_criticized_by_head_of_Federal_Communications_Commission_over_incoming_missile_alert_mistake	United States: State of Hawaii criticized by head of Federal Communications Commission over incoming missile alert mistake	4e117a6714aeb4a8bcbe03eabfc6b60e	16382e12fddafa6aa2dbdb5ed999809e
2018-01-16_02_BBC	2018-01-16	https://en.wikinews.org/wiki/BBC_newsreader_Alagiah_to_undergo_treatment_for_bowel_cancer	BBC newsreader Alagiah to undergo treatment for bowel cancer	7d901b87a02c225a238aa2125bb2f858	b4ac16b05afd9539ce51f0f1bc84a8c9
2018-01-17_00_United	2018-01-17	https://en.wikinews.org/wiki/United_States:_One_person_dead_after_boat_to_offshore_casino_burns_off_Florida_coast	United States: One person dead after boat to offshore casino burns off Florida coast	7b94c1381e25b2467f8dc98a276210a0	0ec2efebaef1d55eec18cd4645acf0a4
2018-01-17_01_British	2018-01-17	https://en.wikinews.org/wiki/British_surfers_catch_more_than_waves:_Scientists_find_antibiotic-resistant_bacteria	British surfers catch more than waves: Scientists find antibiotic-resistant bacteria	a56c0b47adfee0ec8d4b9e54416bc49c	3511212b49e9fc53747994581739e56e
2018-01-18_00_Irish	2018-01-18	https://en.wikinews.org/wiki/Irish_rock_band_The_Cranberries%27_lead_singer_Dolores_O%27Riordan_dies_at_46	Irish rock band The Cranberries' lead singer Dolores O'Riordan dies at 46	601b1dd1995e18e53028614d8980a1e0	fb0e23527e06a7ba03063f9dfc9a4596
2018-01-19_00_Zimbabwean	2018-01-19	https://en.wikinews.org/wiki/Zimbabwean_politician_Bennett_and_four_others_die_in_New_Mexico_helicopter_crash	Zimbabwean politician Bennett and four others die in New Mexico helicopter crash	0b44c568e5f94214d04deeb419978d07	ad348d4b61097677b588c0e85edd556c
2018-01-20_00_Chile	2018-01-20	https://en.wikinews.org/wiki/Chile:_Pope_Francis_stirs_outrage_with_%27slander%27_comment	Chile: Pope Francis stirs outrage with 'slander' comment	f6145fe2052088a16eeaec7fdb67b00b	367abffa8835885e8c41a908453e0ff2
2018-01-20_01_Ukraine	2018-01-20	https://en.wikinews.org/wiki/Ukraine_passes_bill_on_war-torn_eastern_regions	Ukraine passes bill on war-torn eastern regions	a0c72ac13409d2dd0fb19027a5c36db5	8499e9d5f7dc28bc13253fa03c827eb1
2018-01-24_00_United	2018-01-24	https://en.wikinews.org/wiki/United_States:_Two_dead_in_Kentucky_high_school_shooting	United States: Two dead in Kentucky high school shooting	8976df5664312df84bc741916bba02f2	d9f8b0efe23d2b2dd3b62eba414bbd70
2018-01-24_01_US	2018-01-24	https://en.wikinews.org/wiki/US_Vice_President_Pence_speaks_to_Israeli_Knesset:_US_embassy_to_move_to_Jerusalem	US Vice President Pence speaks to Israeli Knesset: US embassy to move to Jerusalem	6f535003e2a7a4831fa563231f51e389	76fc69c5818c921c7cd56f009dc7c045
2018-01-25_00_Healthy	2018-01-25	https://en.wikinews.org/wiki/Healthy_cloned_monkeys_born_in_Shanghai	Healthy cloned monkeys born in Shanghai	b30ab2a04103c590579135d22b5bbcbf	80ee30a78d29725910f1e9a45f441217
2018-01-26_00_South	2018-01-26	https://en.wikinews.org/wiki/South_Korea:_Fire_in_hospital_housing_elderly_people_kills_at_least_37	South Korea: Fire in hospital housing elderly people kills at least 37	133e66bda2c343942d7e9b8bef14110c	ded5018078dc9b15d7b38c85b56ca384
2018-01-26_01_Save	2018-01-26	https://en.wikinews.org/wiki/%27Save_the_Children%27_organisation_suspends_all_activities_in_Afghanistan_after_ISIL_attack	'Save the Children' organisation suspends all activities in Afghanistan after ISIL attack	0f0991d0f1e130e397f1743b505bc759	05dea1ef42e35881c0ded365078727e5
2018-01-27_00_United	2018-01-27	https://en.wikinews.org/wiki/United_States:_Dr._Larry_Nassar_sentenced_in_sexual_abuse_case	United States: Dr. Larry Nassar sentenced in sexual abuse case	02e7776ff50cef27502fe40f8f397583	3da1fd1473450495dbc54429b66383bd
2018-01-27_01_India	2018-01-27	https://en.wikinews.org/wiki/India:_Karnataka_closed_for_a_day_for_protests_over_Mahadayi_river_share	India: Karnataka closed for a day for protests over Mahadayi river share	534fd1d5ea4ef10af10ea5f3f6046a38	944b51daec4b6752bce8394b54406f0c
2018-01-29_00_USA	2018-01-29	https://en.wikinews.org/wiki/USA_Gymnastics_board_resigning_after_sex_abuse	USA Gymnastics board resigning after sex abuse	efe2e9311bbfd1f533a6ca893d0ff533	6a81b3cb7d779a34346a575cc8894961
2018-01-29_01_Afghanistan	2018-01-29	https://en.wikinews.org/wiki/Afghanistan:_Ambulance_suicide_attack_kills_about_100_people_in_Kabul	Afghanistan: Ambulance suicide attack kills about 100 people in Kabul	10da1625a74ff87c449b897cc895d970	13fe3f3dc4e0ce555135905adb2fc5c1
2018-01-30_00_Koreas	2018-01-30	https://en.wikinews.org/wiki/Koreas_hold_joint_training_session_for_Olympics	Koreas hold joint training session for Olympics	2eeb46ca4aeb63c0d2c80e1a07d3b22f	5376157d0fee3a9dd6d1d4b3b75dd0e9
2018-01-30_01_Football	2018-01-30	https://en.wikinews.org/wiki/Football:_Bar%C3%A7a_centre-back_Piqu%C3%A9_extends_contract_until_2022	Football: Barça centre-back Piqué extends contract until 2022	47866b055d9e374cbca426d7947555b0	0e4836e9d49b9c13b68f9f01f1292fad
2018-02-01_00_Football	2018-02-01	https://en.wikinews.org/wiki/Football:_Manchester_United_announces_extending_Juan_Mata%27s_contract	Football: Manchester United announces extending Juan Mata's contract	b285fa57eb05d7b45b01b2003b668b4e	03f44f1df89e500b7ba0692b9465d52d
2018-02-02_00_Football	2018-02-02	https://en.wikinews.org/wiki/Football:_Arsenal_signs_Aubameyang_from_Dortmund	Football: Arsenal signs Aubameyang from Dortmund	02177c871f787a54c35aac209d9d662e	c2d193f21551cd95282acc81431f6d2b
2018-02-03_00_India	2018-02-03	https://en.wikinews.org/wiki/India:_Head_of_Delhi_Commission_on_Women_calls_for_prompt_capital_punishment_for_child_rape	India: Head of Delhi Commission on Women calls for prompt capital punishment for child rape	1d839a1d581287ef9a99a356ea0bb523	e493f923704cea43f43c91406e233ea2
2018-02-03_01_Football	2018-02-03	https://en.wikinews.org/wiki/Football:_Giroud_leaves_Arsenal_to_sign_eighteen-month_deal_with_cross-town_rivals_Chelsea	Football: Giroud leaves Arsenal to sign eighteen-month deal with cross-town rivals Chelsea	35d5583b8e194d465c670532fba33cfc	bd15e8e67d4c0b80079754aa819d9eec
2018-02-04_00_United	2018-02-04	https://en.wikinews.org/wiki/United_States:_Four_injured_in_Los_Angeles_school_shooting	United States: Four injured in Los Angeles school shooting	d31cbba5e5bda796bdf6f058f66e2563	59464c45b12b6f0f48bce779bbae68f8
2018-02-05_00_North	2018-02-05	https://en.wikinews.org/wiki/North_Korea_to_send_head_of_state_to_South_Korea_for_Olympics	North Korea to send head of state to South Korea for Olympics	879aeece625793542b4f882c8421f04b	b58af8585d852f4b03ef71c7badf2b4f
2018-02-07_00_Dutch	2018-02-07	https://en.wikinews.org/wiki/Dutch_Football_Association_appoints_Ronald_Koeman_manager_of_men%27s_national_team	Dutch Football Association appoints Ronald Koeman manager of men's national team	41c4687ed66d26a296d799a95535bcad	9635632bdb8aa00e4ff0cf59cf4677ee
2018-02-07_01_Margot	2018-02-07	https://en.wikinews.org/wiki/Margot_Duhalde,_Chile%27s_first_female_military_pilot,_dies_aged_97	Margot Duhalde, Chile's first female military pilot, dies aged 97	b4e9ed1851cf5151c25bdbdaa655c555	c165dd96da412affa2e13b28312662bc
2018-02-07_02_SpaceX	2018-02-07	https://en.wikinews.org/wiki/SpaceX_Falcon_Heavy_rocket_blasts_Elon_Musk%27s_personal_Tesla_into_solar_orbit	SpaceX Falcon Heavy rocket blasts Elon Musk's personal Tesla into solar orbit	5b4edb3c8bc4a6e4cbb302c8ac990cca	f237681e9c751f6461c81aa5fa87a269
2018-02-07_03_United	2018-02-07	https://en.wikinews.org/wiki/United_States:_Two_killed,_more_than_a_hundred_injured_in_Amtrak_train_collision_in_South_Carolina	United States: Two killed, more than a hundred injured in Amtrak train collision in South Carolina	963e8d346c07177782754a157bbb4d7b	38e4a6ab1cfe7aad74f90afe0a05c7fc
2018-02-08_00_Chinese	2018-02-08	https://en.wikinews.org/wiki/Chinese_Foreign_Ministry_confirms_arrest_of_bookseller_Gui_Minhai	Chinese Foreign Ministry confirms arrest of bookseller Gui Minhai	9b0c076d90d566f314cf533948fe3c58	fdeed25ff2981ebd5a9f440b2d37a5c6
2018-02-09_00_Poet	2018-02-09	https://en.wikinews.org/wiki/Poet,_lyricist,_and_digital_activist_John_Perry_Barlow_dies,_aged_70	Poet, lyricist, and digital activist John Perry Barlow dies, aged 70	d05c656161b27c228e859a520acca78d	714c176a6da879e301127dd065c62027
2018-02-10_00_Russia	2018-02-10	https://en.wikinews.org/wiki/Russia:_ex-governor_of_Sakhalin_region_Alexander_Khoroshavin_sentenced_to_thirteen_years_for_bribery	Russia: ex-governor of Sakhalin region Alexander Khoroshavin sentenced to thirteen years for bribery	3cb3551b24f04403ceda80bcc125d166	c12c65ee1479d296c44dfbfeafecfe1f
2018-02-10_01_Pakistan	2018-02-10	https://en.wikinews.org/wiki/Pakistan_court_sentences_one_man_to_death_penalty,_and_life_imprisonment_to_five_others_for_Mashal_Khan_lynching_incident	Pakistan court sentences one man to death penalty, and life imprisonment to five others for Mashal Khan lynching incident	3ad877a40843c7d56391bea81530354a	cb539be0a666081a16d3b6bdccf93b5e
2018-02-10_02_Dhaka	2018-02-10	https://en.wikinews.org/wiki/Dhaka_court_sentences_former_Bangladeshi_Prime_Minister_Khaleda_Zia_to_five_years_on_corruption_charges	Dhaka court sentences former Bangladeshi Prime Minister Khaleda Zia to five years on corruption charges	c0e35ac3d865a775ff66ee1c5e4df451	218a6992111b9ae4c667c0da2c3dbc43
2018-02-11_00_Competition	2018-02-11	https://en.wikinews.org/wiki/Competition_Commission_of_India_fines_Google_%E2%82%B91.36_billion_for_%27search_bias%27	Competition Commission of India fines Google ₹1.36 billion for 'search bias'	8b27aefefcc1cb48e97003e788a5cb0c	f10ab2910265cd84a5c494ac19bcd01f
2018-02-12_00_Former	2018-02-12	https://en.wikinews.org/wiki/Former_Irish_footballer_Liam_Miller_dies_at_36	Former Irish footballer Liam Miller dies at 36	47db2f82d9bfa29152e2f051378b2719	9f411b9c5425d2c504d7cee180a2312a
2018-02-15_00_United	2018-02-15	https://en.wikinews.org/wiki/United_States:_Jet_loses_engine_cover_over_Pacific_en_route_to_Honolulu_from_San_Francisco	United States: Jet loses engine cover over Pacific en route to Honolulu from San Francisco	776cd39f046338eb896a70e3a36afdab	3aebb423a4b5e75ed7b015849eb36efd
2018-02-16_00_United	2018-02-16	https://en.wikinews.org/wiki/United_States:_Berkeley,_California_declares_itself_a_sanctuary_city_for_recreational_cannabis	United States: Berkeley, California declares itself a sanctuary city for recreational cannabis	c09fb8b15570f43de5140ef8045303ec	d75f4fabeaa13f6fb1a6ddb991bb819a
2018-02-18_00_Fourth	2018-02-18	https://en.wikinews.org/wiki/Fourth_U.S._state_governor_orders_net_neutrality_in_government_contracts	Fourth U.S. state governor orders net neutrality in government contracts	cba42033e1f3e89a9b476b5bff09ec86	04b22bc87d9fe812ef89032d1857a759
2018-02-19_00_Oxfam	2018-02-19	https://en.wikinews.org/wiki/Oxfam_produces_action_plan_after_revelation_of_prostitution_scandal_on_Haiti	Oxfam produces action plan after revelation of prostitution scandal on Haiti	d41d90a12a473f8b44ed5fc3db850ed8	0105dff8d8fd35d67a31f5e6fe8a06b5
2018-02-21_00_Iran	2018-02-21	https://en.wikinews.org/wiki/Iran:_Wreckage_found_of_plane_crashed_in_mountains;_all_believed_dead	Iran: Wreckage found of plane crashed in mountains; all believed dead	c44221493a4c5cfe998ebf49dc7c5b91	1595e9e2c6377313e91106bf0135899c
2018-02-24_00_Bus	2018-02-24	https://en.wikinews.org/wiki/Bus_crash_in_Oco%C3%B1a_District_of_Peru_costs_over_40_lives	Bus crash in Ocoña District of Peru costs over 40 lives	1bb909a775316706ebc26865cb86c187	d172ec6f9cc7e12728e05d65e9538b0e
2018-02-27_00_Pixar	2018-02-27	https://en.wikinews.org/wiki/Pixar_Studios_animator_Bud_Luckey,_designer_of_Toy_Story%27s_Woody,_dies_aged_83	Pixar Studios animator Bud Luckey, designer of Toy Story's Woody, dies aged 83	2ccc485a2767715e2d4a94e3475a507d	306f89bd782280d5c28629ea1feb814e
2018-03-02_00_Amazon	2018-03-02	https://en.wikinews.org/wiki/Amazon_to_buy_smart_doorbell_startup_Ring	Amazon to buy smart doorbell startup Ring	b9c0f6eebb9be15e389b825c89934046	7ecc4f6cba4b4101f69f9747e59d5073
2018-03-03_00_French	2018-03-03	https://en.wikinews.org/wiki/French_fashion_brand_Lacoste_announces_limited-edition_logo_change_from_crocodile_to_endangered_animals	French fashion brand Lacoste announces limited-edition logo change from crocodile to endangered animals	468ca24aad83df86dd9c92499eb3258e	a85c07f8707f4c03a204febe18201ac3
2018-03-04_00_Maria	2018-03-04	https://en.wikinews.org/wiki/Maria_Contreras-Sweet_Group_buys_The_Weinstein_Company_assets,_saves_it_from_bankruptcy	Maria Contreras-Sweet Group buys The Weinstein Company assets, saves it from bankruptcy	f1ecced35c1b6565ce9f06547b7a1df1	5b9f0914f15c4a4cd237b7690a305531
2018-03-07_00_Winter	2018-03-07	https://en.wikinews.org/wiki/Winter_storm_fells_US_President_George_Washington%27s_tree_at_Mount_Vernon_estate,_Virginia	Winter storm fells US President George Washington's tree at Mount Vernon estate, Virginia	5bcb714eab599ef7fbbabaf7dc8d4ec4	0e8199164a9efd0d5e7fb4f0de85f079
2018-03-13_00_Mirror	2018-03-13	https://en.wikinews.org/wiki/Mirror%27s_expos%C3%A9_prompts_call_for_inquiry_into_child_abuse_ring_in_Telford,_England	Mirror's exposé prompts call for inquiry into child abuse ring in Telford, England	4d92c725c7be7dfcaf23d31662064ce0	1d7bee6c50cb77ba7072b68432501873
2018-03-13_01_United	2018-03-13	https://en.wikinews.org/wiki/United_States_President_Trump_dismisses_Secretary_of_State_Tillerson	United States President Trump dismisses Secretary of State Tillerson	2a2a6c509f498fec0197287ce4486476	b54d1cda63147ddf83bf178aec8620de
2018-03-13_02_China	2018-03-13	https://en.wikinews.org/wiki/China_ends_presidential_term_limits_in_constitutional_amendment	China ends presidential term limits in constitutional amendment	7e83f219c6bcad60213dee0004ca990e	87a85144b22ec03dccde06c122d15445
2018-03-14_00_State	2018-03-14	https://en.wikinews.org/wiki/State_of_emergency_in_Sri_Lanka_remains_despite_calm_returning_after_violence	State of emergency in Sri Lanka remains despite calm returning after violence	c5ea638a48a381f3c13d7638d28b51b8	6ebd401d649fb623fa0f74ce54e78dbb
2018-03-15_00_US	2018-03-15	https://en.wikinews.org/wiki/US_toy_retail_giant_Toys_%27R%27_Us_files_for_liquidation_in_United_States	US toy retail giant Toys 'R' Us files for liquidation in United States	c306f27e2e5d26d85c3842ae1b3f4e4d	458a1a9d9fe9d82b4e83c42f569f9837
2018-03-17_00_United	2018-03-17	https://en.wikinews.org/wiki/United_States:_Coroner_says_former_patient_killed_self_and_three_hostages_at_California_veterans_center	United States: Coroner says former patient killed self and three hostages at California veterans center	8582e14eb2b189b335280c8ceaa73f1a	434e8736f8777c303eeaf4e09c16ba9b
2018-03-17_01_British	2018-03-17	https://en.wikinews.org/wiki/British_scientist_Stephen_Hawking_dies_aged_76	British scientist Stephen Hawking dies aged 76	2692b36fb1f08e7b776bb9d87def8c9e	6ba62f64c458a8afbc4db95ef13a7b94
2018-03-20_00_Vladimir	2018-03-20	https://en.wikinews.org/wiki/Vladimir_Putin_wins_fourth_term_as_President_of_Russia	Vladimir Putin wins fourth term as President of Russia	94999b05ceabc011d025a0510086f52d	4f8d5d4efd3966aa316c128b02d0e97b
2018-03-21_00_Kenyan	2018-03-21	https://en.wikinews.org/wiki/Kenyan_conservancy_euthanises_last_male_northern_white_rhino;_only_two_females_remain	Kenyan conservancy euthanises last male northern white rhino; only two females remain	2d5e37cad4a694d5b00f85789fcdcda7	d9199cfed8506f824b50a118c8d75d57
2018-03-21_01_Uber	2018-03-21	https://en.wikinews.org/wiki/Uber_suspends_self-driving_car_program_after_pedestrian_death_in_Arizona,_United_States	Uber suspends self-driving car program after pedestrian death in Arizona, United States	95abd5b5b85962b65e4f455302f05302	add89963be63642a12d2a1eb8c747287
2018-03-22_00_Sydney	2018-03-22	https://en.wikinews.org/wiki/Sydney_experiences_hottest_March_day_in_35_years	Sydney experiences hottest March day in 35 years	3cf14809d37444f43478fbff0d138bee	23610939fe7faf2b0c46136cd148e954
2018-03-24_00_Charles	2018-03-24	https://en.wikinews.org/wiki/Charles_Lazarus,_founder_of_US-based_toy_retail_giant_Toys_%27R%27_Us,_dies_at_94	Charles Lazarus, founder of US-based toy retail giant Toys 'R' Us, dies at 94	742307a38e4b73aa830b980e20abad78	a059e2fda9617e22cd41fb4bbbae696b
2018-03-25_00_Culture	2018-03-25	https://en.wikinews.org/wiki/Culture_of_creativity_features_at_Furnal_Equinox_2018	Culture of creativity features at Furnal Equinox 2018	6ad7f528220e0edba7fc6782c54202e6	d77d4851e6a68377220f9439707dea5b
2018-03-28_00_K	2018-03-28	https://en.wikinews.org/wiki/K-pop_band_100%25%27s_lead_singer_Seo_Minwoo_dies	K-pop band 100%'s lead singer Seo Minwoo dies	6d8840d76dc0f298f8af608f240720e7	b9ca502d29fe37f2ba05ff686e310c06
2018-03-28_01_US	2018-03-28	https://en.wikinews.org/wiki/US:_FBI%27s_work_with_Orlando_shooter%27s_father_is_not_grounds_for_mistrial_in_wife%27s_case	US: FBI's work with Orlando shooter's father is not grounds for mistrial in wife's case	7c2a9768f5d6669cd684063a1dccc937	d453801641c0e7a7f8156847188c223e
2018-03-28_02_Toronto	2018-03-28	https://en.wikinews.org/wiki/Toronto_Comicon_celebrates_characters_from_screen_and_page	Toronto Comicon celebrates characters from screen and page	67ea0d5a4220dab122fdea1eee80972e	4ff2a346cc5ada7793624cc567e49fd5
2018-03-30_00_United	2018-03-30	https://en.wikinews.org/wiki/United_States:_Emergency_calls_from_Great_Mills_High_School_shooting_released	United States: Emergency calls from Great Mills High School shooting released	3bacb2d2f6486647bcda9a128828cd00	07c64fa2f88715df64a319c3b5a9618b
2018-03-30_01_North	2018-03-30	https://en.wikinews.org/wiki/North,_South_Korea_announce_summit_about_%27denuclearization_and_peace%27_for_April_27	North, South Korea announce summit about 'denuclearization and peace' for April 27	ec99e13e233bd6742df8698175f1db2f	6c0a6ebe6a4bd2e1e653f6bf35c2bb6a
2018-03-31_00_Australian	2018-03-31	https://en.wikinews.org/wiki/Australian_cricketers_Steve_Smith,_David_Warner_banned_from_2018_Indian_Premier_League_after_ball_tampering_incident	Australian cricketers Steve Smith, David Warner banned from 2018 Indian Premier League after ball tampering incident	46fc7ddddb81f9c03613e42c6866fc4c	81ae91c97ff94c80fda9bd190d1ec345
2018-04-03_00_China	2018-04-03	https://en.wikinews.org/wiki/China%27s_Tiangong-1_space_station_crashes_into_Pacific	China's Tiangong-1 space station crashes into Pacific	33616cc89920ccf4d5c77ede77ef7369	56684feabb550195f384ae5a0651f4f5
2018-04-04_00_US	2018-04-04	https://en.wikinews.org/wiki/US_Republicans_query_Linux_Foundation_about_open-source_security	US Republicans query Linux Foundation about open-source security	47f13b080ef5a9e491bb355d1bc30d99	25ed3cd70479e15104cdc48396454e88
2018-04-07_00_Woolworths	2018-04-07	https://en.wikinews.org/wiki/Woolworths,_Australia_moves_single-use_plastic_bags_ban_date_to_June_20	Woolworths, Australia moves single-use plastic bags ban date to June 20	76eba4a3899d1704d31a9aebf38b65dc	decbb45e38d08c63315d8d3d5094184c
2018-04-08_00_Thirteen	2018-04-08	https://en.wikinews.org/wiki/Thirteen-year-old_boy_in_Los_Angeles,_California_thanks_city_personnel_for_rescue_from_sewage_pipe	Thirteen-year-old boy in Los Angeles, California thanks city personnel for rescue from sewage pipe	161e5c66a449ad177cd91223d516a684	c802beecbfd3b67810d6543089440ee0
2018-04-10_00_Football	2018-04-10	https://en.wikinews.org/wiki/Football:_Spanish_striker_Fernando_Torres_to_leave_Atl%C3%A9tico_Madrid_after_season_end	Football: Spanish striker Fernando Torres to leave Atlético Madrid after season end	a5c28b8cad1906ae18cd7e9738b9f4f5	7394e3ffe04a38c23321ad16a340fc19
2018-04-10_01_Deadly	2018-04-10	https://en.wikinews.org/wiki/Deadly_fire_below_US_President%27s_Trump_Tower_residence	Deadly fire below US President's Trump Tower residence	fa2cb19a123a9776ebaf71a6d92056f1	fed7059b947b19a51096784aa08799da
2018-04-12_00_Russian	2018-04-12	https://en.wikinews.org/wiki/Russian_poet_Alexander_Byvshev_convicted_for_2015_poem_about_Ukraine	Russian poet Alexander Byvshev convicted for 2015 poem about Ukraine	9898b1ed65301cd560cc4961fb7bf773	c47925b0df40e667b0a0de0a5a308119
2018-04-14_00_United	2018-04-14	https://en.wikinews.org/wiki/United_States_Speaker_of_the_House_Paul_Ryan_announces_retirement	United States Speaker of the House Paul Ryan announces retirement	dbcbdb65a3c8ace8a16e91c1047fcdb3	99e9b266fe737ff8be820eda13b02a22
2018-04-21_00_NASA	2018-04-21	https://en.wikinews.org/wiki/NASA_launches_exoplanet-hunting_satellite_TESS	NASA launches exoplanet-hunting satellite TESS	b70da51f1339a7704a4fe9dcd60f230b	deeb4c591128ae3a502a9c13df826f8a
2018-04-23_00_28	2018-04-23	https://en.wikinews.org/wiki/28-year-old_Swedish_electronic_dance_music_artist_Avicii_dies_in_Oman	28-year-old Swedish electronic dance music artist Avicii dies in Oman	0341c3233662bfd969488911bfaae159	18fdc676938d3e0161647ab399503139
2018-04-23_01_English	2018-04-23	https://en.wikinews.org/wiki/English_football:_Ars%C3%A8ne_Wenger_to_leave_Arsenal_at_season_end	English football: Arsène Wenger to leave Arsenal at season end	9cca36c9a43fccb83446afcc8029805d	23fec2078644413e2269c60ded9bfa3d
2018-04-23_02_India	2018-04-23	https://en.wikinews.org/wiki/India:_Cabinet_approves_capital_punishment_for_rape_of_girls_under_age_twelve	India: Cabinet approves capital punishment for rape of girls under age twelve	d34b0dffce43ebc4e56bbdfa5fdc5f75	33121ef9627c4685eae000e71bec8cd9
2018-04-25_00_India	2018-04-25	https://en.wikinews.org/wiki/India:_Jammu_and_Kashmir_government_orders_private_tuitions_to_shut_down_for_90_days	India: Jammu and Kashmir government orders private tuitions to shut down for 90 days	27dfedf1883a9da709d2a0688f77c228	de0588887266bc9484c092252a4233c3
2018-04-25_01_Scottish	2018-04-25	https://en.wikinews.org/wiki/Scottish_man_sentenced_over_%27grossly_offensive%27_joke_on_YouTube	Scottish man sentenced over 'grossly offensive' joke on YouTube	09adaf2ec736bc3b1ba0843d229198d2	40d234a297c4c8b2877c1bc902cae23b
2018-05-04_00_Leader	2018-05-04	https://en.wikinews.org/wiki/Leader_of_South_Korea_requests_foreign_involvement_in_decommissioning_of_nuclear_test_site	Leader of South Korea requests foreign involvement in decommissioning of nuclear test site	8119c7d172f76fe08c07b9bd0cfa27ad	8d7374cdb859a36b1ed7c54e4ca3b619
2018-05-07_00_NASA	2018-05-07	https://en.wikinews.org/wiki/NASA%27s_InSight_lander_and_MarCO_craft_launch_in_new_mission_to_Mars	NASA's InSight lander and MarCO craft launch in new mission to Mars	9c11e4bac2656d3e2a7ed2425f63fa08	8caa362b45344535f0f59eb17dfb66e3
2018-05-10_00_Indian	2018-05-10	https://en.wikinews.org/wiki/Indian_Supreme_Court_orders_transfer_of_Asifa_Bano_gang_rape_and_murder_case_to_Pathankot	Indian Supreme Court orders transfer of Asifa Bano gang rape and murder case to Pathankot	fd36c6f277e3ab5db8538e7dea29120a	28a7d45a95381b3c1468eddfcc7c0420
2018-05-11_00_Pakistani	2018-05-11	https://en.wikinews.org/wiki/Pakistani_parliament_passes_bill_for_transgender_rights	Pakistani parliament passes bill for transgender rights	fd0564859f659fd37053eb8e95929e11	a34e69a8c7d828e454ea0136699e2a95
2018-05-12_00_Berlin	2018-05-12	https://en.wikinews.org/wiki/Berlin_court:_neutrality_law_above_German_religious_freedom,_bans_teacher_headscarves_in_primary_school	Berlin court: neutrality law above German religious freedom, bans teacher headscarves in primary school	394af20c662be033df9d0e044d2e1eda	801df3282c92ff7fb402d1af244642a8
2018-05-13_00_Sudanese	2018-05-13	https://en.wikinews.org/wiki/Sudanese_teenager_sentenced_to_death_for_killing_husband_while_raping_her	Sudanese teenager sentenced to death for killing husband while raping her	6a975d881d2f2ad70099327b3c86ec5a	336b8f14dda33016190282b6b88908f2
2018-05-14_00_German	2018-05-14	https://en.wikinews.org/wiki/German_beer_company_Eichbaum_issues_public_apology_for_printing_Saudi_Arabian_flag_on_beer_bottle_caps	German beer company Eichbaum issues public apology for printing Saudi Arabian flag on beer bottle caps	e469a88021c253b273db8257899c0a5e	3004f5ad043cfd6ca6f2c89c0d27ed69
2018-05-15_00_Netta	2018-05-15	https://en.wikinews.org/wiki/Netta_wins_Eurovision_Song_Contest_for_Israel	Netta wins Eurovision Song Contest for Israel	8a6d1a7ce8cbf2811e44a9f7031ba986	14860f5505800f31d6e48d190a895a01
2018-05-16_00_Dublin	2018-05-16	https://en.wikinews.org/wiki/Dublin_mayor_suggests_not_sending_Irish_representative_to_Israel_for_Eurovision_2019;_two_European_Parliament_lawmakers_support_boycott	Dublin mayor suggests not sending Irish representative to Israel for Eurovision 2019; two European Parliament lawmakers support boycott	8a6b42f988712dfe1ac03a81acd9baac	68157355fb883e93d5e0872369e617f2
2018-05-19_00_Principal	2018-05-19	https://en.wikinews.org/wiki/Principal,_teacher_arrested_for_allegedly_whipping_two_students_late_for_school_in_Ayetoro,_Nigeria	Principal, teacher arrested for allegedly whipping two students late for school in Ayetoro, Nigeria	30ca0852ff5300cc5d8ea0b978e678a6	3b5d8fb88835bbe3e1a1ac8d7b663d41
2018-05-19_01_Football	2018-05-19	https://en.wikinews.org/wiki/Football:_Atl%C3%A9tico_Madrid_beats_Marseille_3-0_to_win_third_Europa_League_title	Football: Atlético Madrid beats Marseille 3-0 to win third Europa League title	8526241bfda3e3f685d35f9d7e8bdb1b	f93a08276b9551bca62e9370665adec2
2018-05-20_00_Swaziland	2018-05-20	https://en.wikinews.org/wiki/Swaziland%27s_King_Mswati_III_signs_gazette_to_rename_country_to_eSwatini	Swaziland's King Mswati III signs gazette to rename country to eSwatini	389e867d73844e0a19325645909ffece	b2c363f40e3587ad87b3d9199ff8311a
2018-05-20_01_Hawaii	2018-05-20	https://en.wikinews.org/wiki/Hawaii%27s_K%C4%ABlauea_volcano_releases_ash_plumes_to_30,000_feet,_prompting_aviation_alerts	Hawaii's Kīlauea volcano releases ash plumes to 30,000 feet, prompting aviation alerts	3483fe57ebe88251e1d9517461a64572	269dcb14bc0d9c1ac9cda0e10a5827eb
2018-05-21_00_Belgian	2018-05-21	https://en.wikinews.org/wiki/Belgian_LGBT_refuge_shelter_announced_during_annual_Brussels_Pride	Belgian LGBT refuge shelter announced during annual Brussels Pride	71dabb9f34471e418592593a77c81583	75a0114b628316f0326c2e8cc8777467
2018-05-22_00_Football	2018-05-22	https://en.wikinews.org/wiki/Football:_Chelsea_beats_Manchester_United_1-0_to_win_English_FA_Cup	Football: Chelsea beats Manchester United 1-0 to win English FA Cup	4a4f7f658d37b33514962b620f89feca	066f835a617e8a981b30941aab8dfcda
2018-05-22_01_Commonwealth	2018-05-22	https://en.wikinews.org/wiki/Commonwealth_confirms_receiving_Zimbabwe%27s_application_to_rejoin_the_bloc	Commonwealth confirms receiving Zimbabwe's application to rejoin the bloc	1e55c56663c57de6be6326c357ca7068	da5318284c928de4985253307d057dda
2018-05-22_02_Greek	2018-05-22	https://en.wikinews.org/wiki/Greek_police_arrest_four_for_attacking_Thessaloniki_mayor_Yiannis_Boutaris	Greek police arrest four for attacking Thessaloniki mayor Yiannis Boutaris	42f958a0c52836c38b682baea51c7870	2d3a8d3f0a4a34236827f68211c2ff46
2018-05-23_00_Radja	2018-05-23	https://en.wikinews.org/wiki/Radja_Nainggolan_announces_international_retirement_after_being_left_out_of_Belgian_football_world_cup_squad	Radja Nainggolan announces international retirement after being left out of Belgian football world cup squad	8d4cb7f2adfaeb2d3a7b78aa93e689aa	37c03ddd12fd8acd42fafda1a20ce715
2018-05-23_01_Software	2018-05-23	https://en.wikinews.org/wiki/Software_giant_Adobe_Systems_to_acquire_Magento_Commerce_for_US$1.68_billion	Software giant Adobe Systems to acquire Magento Commerce for US$1.68 billion	82b0bba32b70fbdeac1a5e925c906b0b	87955733a52c3f30950d3a43c04f0f51
2018-05-24_00_English	2018-05-24	https://en.wikinews.org/wiki/English_football:_Arsenal_appoints_Unai_Emery_as_new_manager	English football: Arsenal appoints Unai Emery as new manager	c4306abb1ce0f3d72e71a00135e20dd0	594b14ac8054c556d1041e178ee31d3c
2018-05-25_00_Italian	2018-05-25	https://en.wikinews.org/wiki/Italian_club_Napoli_appoints_Carlo_Ancelotti_as_new_manager	Italian club Napoli appoints Carlo Ancelotti as new manager	8ce5f21ef74de241cdf69c8475bf1c76	198408c1fa37843a373e6ed4cc6a4f82
2018-05-25_01_US	2018-05-25	https://en.wikinews.org/wiki/US_National_Football_League_to_fine_teams_if_athletes_kneel_during_national_anthem	US National Football League to fine teams if athletes kneel during national anthem	7154a1e9121270039ebd0b8f244f39c3	e27e112021d2c3dbecae5d67c2e1950b
2018-05-25_02_Stacey	2018-05-25	https://en.wikinews.org/wiki/Stacey_Abrams_becomes_first_black_woman_to_gain_major_U.S._party_nomination_for_governor_of_Georgia	Stacey Abrams becomes first black woman to gain major U.S. party nomination for governor of Georgia	70baf7078b3dbb53b65ee1b681b48886	a71f37a19588840cf09ecb1b3a50b158
2018-05-26_00_South	2018-05-26	https://en.wikinews.org/wiki/South_African_cricketer_AB_de_Villiers_announces_international_retirement	South African cricketer AB de Villiers announces international retirement	8b8306d4191b7660be2ea2faa2a212b8	8f37c3dd6f57a82abc010980f441ecb1
2018-05-27_00_Pakistan	2018-05-27	https://en.wikinews.org/wiki/Pakistan%27s_National_Assembly_passes_bill_to_merge_Federally_Administered_Tribal_Areas_with_Khyber_Pakhtunkhwa	Pakistan's National Assembly passes bill to merge Federally Administered Tribal Areas with Khyber Pakhtunkhwa	34f6946ceb0ae46eed269abdbeb1d55d	39111881960aa7836e5b6b25e02f8d75
2018-05-27_01_Ireland	2018-05-27	https://en.wikinews.org/wiki/Ireland_votes_to_overturn_35-year-old_constitutional_ban_on_abortion	Ireland votes to overturn 35-year-old constitutional ban on abortion	d4add626a3a76d9ee6a1f438168d4445	dc63d0506434639db13f95b2869e4699
2018-05-28_00_Korean	2018-05-28	https://en.wikinews.org/wiki/Korean_leaders_Moon_and_Kim_meet_days_after_NK-US_summit_cancellation	Korean leaders Moon and Kim meet days after NK-US summit cancellation	698e065e35342aad255bbaafc104febe	7b2fc1882ca536ced7032f6b1784fe09
2018-05-29_00_European	2018-05-29	https://en.wikinews.org/wiki/European_football:_Real_Madrid_wins_third_consecutive_Champions_League_beating_Liverpool_3-1	European football: Real Madrid wins third consecutive Champions League beating Liverpool 3-1	f776908df14693de050d3d870200afcb	990834778d6b98cfcf10ab50f99dbcd9
2018-05-30_00_Khyber	2018-05-30	https://en.wikinews.org/wiki/Khyber_Pakhtunkhwa_Provincial_Assembly_votes_to_merge_with_Pakistani_Federally_Administered_Tribal_Areas	Khyber Pakhtunkhwa Provincial Assembly votes to merge with Pakistani Federally Administered Tribal Areas	f24db931146edde27fdc46bc3664a010	0c15a6c0716451a11bd4926d750a25c8
2018-06-01_00_Photo	2018-06-01	https://en.wikinews.org/wiki/Photo_report:_Anime_North_convention_brings_fans_to_Toronto	Photo report: Anime North convention brings fans to Toronto	cdb7213b67a4c4c90307da1f6312c1fc	956f79003ae65cfe9e149c9544e80f4d
2018-06-02_00_Pakistani	2018-06-02	https://en.wikinews.org/wiki/Pakistani_President_signs_bill_to_merge_Federally_Administered_Tribal_Areas_with_Khyber_Pakhtunkhwa	Pakistani President signs bill to merge Federally Administered Tribal Areas with Khyber Pakhtunkhwa	16be26dff7eb3e4075779fd33679b549	7f8347d6454dfc5faf3c5706dcd8ea68
2018-06-06_00_Microsoft	2018-06-06	https://en.wikinews.org/wiki/Microsoft_announces_plan_to_acquire_GitHub_for_US$7.5_billion	Microsoft announces plan to acquire GitHub for US$7.5 billion	940bac67950fdca0245eb9edc59173a6	236db958bde3cad8362234b572dbc4b4
2018-06-10_00_New	2018-06-10	https://en.wikinews.org/wiki/New_study_of_endangered_whale_shark_youth_shows_vital_habitat_similarities	New study of endangered whale shark youth shows vital habitat similarities	db042e7bddaa64a04776fca550057fea	5f6f293b85c1a4ad8e600a90808d223f
2018-06-11_00_India	2018-06-11	https://en.wikinews.org/wiki/India:_Jodhpur_police_arrests_man_for_%27sacrifice%27_of_four-year-old_daughter_for_Allah	India: Jodhpur police arrests man for 'sacrifice' of four-year-old daughter for Allah	84e7f86ef3046bcf49c3611f7dd8c28b	a7b99d85ddc26d3fb90ff17987944f16
2018-06-13_00_Spanish	2018-06-13	https://en.wikinews.org/wiki/Spanish_Football_Federation_sacks_Lopetegui_as_team%27s_head_coach_one_day_before_FIFA_World_Cup	Spanish Football Federation sacks Lopetegui as team's head coach one day before FIFA World Cup	688dbf59c29e64e3da7aec626d740612	32de5ed28a10f3a302f29c0803d2b809
2018-06-13_01_Tennis	2018-06-13	https://en.wikinews.org/wiki/Tennis:_Nadal_beats_Thiem_to_win_eleventh_French_Open_title	Tennis: Nadal beats Thiem to win eleventh French Open title	bf140bde989550b53f8c8a1b466a3fd3	62ea00ee59c13c9789208e0f0623dabe
2018-06-14_00_Football	2018-06-14	https://en.wikinews.org/wiki/Football:_Canada,_Mexico_and_US_wins_joint_bid_to_host_2026_FIFA_World_Cup	Football: Canada, Mexico and US wins joint bid to host 2026 FIFA World Cup	af886150e6298dae663e4e6e6092e7da	0500d9897a98ae4a7d25a475e043026b
2018-06-14_01_Football	2018-06-14	https://en.wikinews.org/wiki/Football:_Russia_beats_Saudi_Arabia_5-0_in_FIFA_World_Cup_opener	Football: Russia beats Saudi Arabia 5-0 in FIFA World Cup opener	cae1efa694e50dcefac5c5927e39a5f9	63df8cf9c9fd14457361ec64c97cd5b7
2018-06-16_00_FIFA	2018-06-16	https://en.wikinews.org/wiki/FIFA_World_Cup_2018_Day_2:_Uruguay,_Iran_win_three_points_each_with_late_goals;_Portugal-Spain_share_the_spoils	FIFA World Cup 2018 Day 2: Uruguay, Iran win three points each with late goals; Portugal-Spain share the spoils	34bf293038de7f26693de7f4fdea2f60	9856a523ffbae8c2218f9a7ec13b6c06
2018-06-17_00_UN	2018-06-17	https://en.wikinews.org/wiki/UN_releases_first-ever_human_rights_report_on_Kashmir	UN releases first-ever human rights report on Kashmir	d0510b1c20d663630c755c3deaa3d7f2	c0a6bc558ec1137e9242971681b89432
2018-06-18_00_FIFA	2018-06-18	https://en.wikinews.org/wiki/FIFA_World_Cup_2018_day_three:_France,_Denmark_and_Croatia_wins_three_points;_Argentina_shares_the_spoils_with_debutants_Iceland	FIFA World Cup 2018 day three: France, Denmark and Croatia wins three points; Argentina shares the spoils with debutants Iceland	eef61a1f99359a355c5c5f58f77ac482	85e51b8f57299e727af0d6f0b1262c7e
2018-06-19_00_FIFA	2018-06-19	https://en.wikinews.org/wiki/FIFA_World_Cup_2018_day_five:_Sweden,_Belgium,_England_win_three_points	FIFA World Cup 2018 day five: Sweden, Belgium, England win three points	788db99e4530c63a677d0d18498ad56b	fe502b167c9e9d0af82ada6475cc8d4a
2018-06-19_01_FIFA	2018-06-19	https://en.wikinews.org/wiki/FIFA_World_Cup_2018_day_four:_Mexico_beats_Germany;_Serbia_leads_Group_E,_Brazil_shares_the_spoils_with_Swiss	FIFA World Cup 2018 day four: Mexico beats Germany; Serbia leads Group E, Brazil shares the spoils with Swiss	d86e3e6c4e494c04fea16ddf46ba318c	9181dfa9e5691b6c32bf2e34c2a7fe75
2018-06-20_00_FIFA	2018-06-20	https://en.wikinews.org/wiki/FIFA_World_Cup_2018_day_six:_Japan,_Senegal,_Russia_win_three_points	FIFA World Cup 2018 day six: Japan, Senegal, Russia win three points	20546baaaba0588ab85ca0d110228fa1	1c1dde731f3e947b28f95844ea671b92
2018-06-20_01_Iv	2018-06-20	https://en.wikinews.org/wiki/Iv%C3%A1n_Duque_wins_Colombia%27s_presidential_election	Iván Duque wins Colombia's presidential election	6b83e3622ceb7ab5de1ee4851cf017c1	26eef05874e8421251112515edb451dd
2018-06-20_02_Football	2018-06-20	https://en.wikinews.org/wiki/Football:_Arsenal_sign_Bayer_Leverkusen_goalkeeper_Bernd_Leno	Football: Arsenal sign Bayer Leverkusen goalkeeper Bernd Leno	d3cab6c3469aea86d5fa4a198b989776	4bde773c42f09fd6af6f27fcaaf67853
2018-06-21_00_FIFA	2018-06-21	https://en.wikinews.org/wiki/FIFA_World_Cup_2018_day_seven:_Portugal,_Uruguay,_Spain_win_1-0	FIFA World Cup 2018 day seven: Portugal, Uruguay, Spain win 1-0	92f806029d3007840b53c801086853f4	29ef4a82cb46d257df2ea5b13a8c030e
2018-06-21_01_India	2018-06-21	https://en.wikinews.org/wiki/India:_Mehbooba_Mufti_resigns_as_Jammu_Kashmir_Chief_Minister_as_Bharatiya_Janata_Party_breaks_alliance	India: Mehbooba Mufti resigns as Jammu Kashmir Chief Minister as Bharatiya Janata Party breaks alliance	e924b83738a99b36a45af20add99ad0c	f62af291afea584db3afdf5e9a8676d4
2018-06-23_00_Algeria	2018-06-23	https://en.wikinews.org/wiki/Algeria_blocks_internet_across_nation_to_prevent_cheating_in_diploma_exams	Algeria blocks internet across nation to prevent cheating in diploma exams	bc6b8f04a412863da146883fa9b530a5	fc5dd1cbbd176fde678dbab8ebf6b5bc
2018-06-23_01_Hungarian	2018-06-23	https://en.wikinews.org/wiki/Hungarian_Parliament_passes_bill_to_criminalise_helping_undocumented_migrants	Hungarian Parliament passes bill to criminalise helping undocumented migrants	cec161dc98aef03a87b0bdd6c3e99b27	f1ad1293a8c8111ce8591b7514aa4765
2018-06-24_00_International	2018-06-24	https://en.wikinews.org/wiki/International_Criminal_Court_gives_Myanmar_till_July_27_to_respond_on_Rohingya_case	International Criminal Court gives Myanmar till July 27 to respond on Rohingya case	35e0697f0e56aa5c5db33830d96f8e01	ac3dbf856e661c3d78a7b12b09585239
2018-06-25_00_Serbian	2018-06-25	https://en.wikinews.org/wiki/Serbian_Football_Association_complain_about_Swiss_footballers_Xhaka,_Shaqiri_eagle_salute_celebration	Serbian Football Association complain about Swiss footballers Xhaka, Shaqiri eagle salute celebration	2e0be63fd770918e980120f390b016c8	85b5dd9e3925332151c8b251672c69bf
2018-06-25_01_Chess	2018-06-25	https://en.wikinews.org/wiki/Chess:_R_Praggnanandhaa_becomes_youngest_Indian_Grand_Master	Chess: R Praggnanandhaa becomes youngest Indian Grand Master	08fa1432dc29e3d34b63cfcabab0c581	ad348714483c6296301b3eeb47a10e0c
2018-06-25_02_India	2018-06-25	https://en.wikinews.org/wiki/India:_Maharashtra_plastic_ban_comes_into_force	India: Maharashtra plastic ban comes into force	b5378c6914afd1f9ecde2c90bce06985	fe069f12ec24ace93e0bf75c898e4fb7
2018-06-25_03_Spanish	2018-06-25	https://en.wikinews.org/wiki/Spanish_football:_Juanfran_signs_one-year_contract_extension_with_Atl%C3%A9tico_Madrid	Spanish football: Juanfran signs one-year contract extension with Atlético Madrid	21cb4818c6f0b8da2c13a0e17d6a62bd	ddf1d600b401fb0e0fb15d13a7f33b4c
2018-06-25_04_Indonesian	2018-06-25	https://en.wikinews.org/wiki/Indonesian_cleric_Aman_Abdurrahman_sentenced_to_death_for_%27inciting_others_to_commit_terrorism%27	Indonesian cleric Aman Abdurrahman sentenced to death for 'inciting others to commit terrorism'	28c9a8722a08577a6d27a92fa5e223b2	f3f76cc6fb3f3fc51e8f785a7c428ac2
2018-06-26_00_Argentine	2018-06-26	https://en.wikinews.org/wiki/Argentine_footballer_Javier_Pastore_leaves_Paris_SG_for_AS_Roma	Argentine footballer Javier Pastore leaves Paris SG for AS Roma	18609402aa4f27d473f22c3767f12827	6ab813e371972ea6c95c7aa2e847d0ef
2018-06-26_01_Italian	2018-06-26	https://en.wikinews.org/wiki/Italian_football:_Nainggolan_moves_to_Inter_Milan_from_Roma	Italian football: Nainggolan moves to Inter Milan from Roma	38619d9c6cb4d38dbf8a01f49aed60ed	981b952afc0759ce0360743d61345811
2018-06-27_00_FIFA	2018-06-27	https://en.wikinews.org/wiki/FIFA_World_Cup_2018_day_eight,_nine,_ten,_eleven:_Belgium,_England_confirm_knockout_phase_qualification;_Poland,_Costa_Rica_miss_out_Last_16	FIFA World Cup 2018 day eight, nine, ten, eleven: Belgium, England confirm knockout phase qualification; Poland, Costa Rica miss out Last 16	7cd60d69df7085c1b33017a067a4dd16	1d2b478518728f547a5b85ae588dd099
2018-06-29_00_Dutch	2018-06-29	https://en.wikinews.org/wiki/Dutch_senate_votes_in_favour_of_face_veil_ban	Dutch senate votes in favour of face veil ban	9c582bcfe6799ae1dc329db320505224	cd2fd6b9c24d743ddb35773bfb7fdc14
2018-06-29_01_India	2018-06-29	https://en.wikinews.org/wiki/India:_Punjab_cabinet_republishes_ordinance_approving_capital_punishment_for_rape_of_girls_under_age_twelve	India: Punjab cabinet republishes ordinance approving capital punishment for rape of girls under age twelve	5208a3eecd2480f52ce5e03022d9569c	9e22cd488379a3c9a4d4f2b17406dfcc
2018-07-01_00_FIFA	2018-07-01	https://en.wikinews.org/wiki/FIFA_World_Cup_2018_day_12,_13,_14,_15:_Iran,_Nigeria,_Germany,_Senegal_out_of_the_tournament	FIFA World Cup 2018 day 12, 13, 14, 15: Iran, Nigeria, Germany, Senegal out of the tournament	7f571deb2f16a5e42b68a96d47c60265	9429b169af7e7f68827edf7423f35c6e
2018-07-01_01_Argentine	2018-07-01	https://en.wikinews.org/wiki/Argentine_footballer_Mascherano_announces_international_retirement	Argentine footballer Mascherano announces international retirement	aa4d2c0531a2e67c2cb9ac18ff259b94	cce5fc649929efe3bd89667ed9c730a9
2018-07-01_02_India	2018-07-01	https://en.wikinews.org/wiki/India:_Madhya_Pradesh_police_arrests_second_accused_of_gang-raping_minor_girl_in_Mandsaur_district	India: Madhya Pradesh police arrests second accused of gang-raping minor girl in Mandsaur district	83c29d65d4d7847d80f24027103ab89d	1d94426ffa79d922f1fa65a5e7ed65dd
2018-07-01_03_India	2018-07-01	https://en.wikinews.org/wiki/India:_Kerala_police_registers_case_against_bishop_for_allegedly_raping_nun_more_than_a_dozen_times	India: Kerala police registers case against bishop for allegedly raping nun more than a dozen times	26bbed5487fca1784863ec2f1e26a797	e5d109f4d64869decf5905878a62479d
2018-07-02_00_Spanish	2018-07-02	https://en.wikinews.org/wiki/Spanish_midfielder_Iniesta_retires_from_international_football	Spanish midfielder Iniesta retires from international football	669a2c0c82acba821a7c708deea7487c	4a69e2f214670117e06efb6c7a573936
2018-07-03_00_Dublin	2018-07-03	https://en.wikinews.org/wiki/Dublin_Pride_2018_attracts_tens_of_thousands_of_people	Dublin Pride 2018 attracts tens of thousands of people	c44c4e1b96cfa2d8c1954dcc1032a63f	90dda92bd4d54e980b97bcd603e9c193
2018-07-03_01_FIFA	2018-07-03	https://en.wikinews.org/wiki/FIFA_World_Cup_2018_Last_16:_France,_Uruguay_sends_Argentina_and_Portugal_home	FIFA World Cup 2018 Last 16: France, Uruguay sends Argentina and Portugal home	38d3c7df45330af3480cf4554f78383f	7ce6eccafdf3bc8778b2c2a39a74e678
2018-07-03_02_English	2018-07-03	https://en.wikinews.org/wiki/English_football:_Mohamed_Salah_signs_contract_extension_with_Liverpool	English football: Mohamed Salah signs contract extension with Liverpool	257fd12a57ea1a3484814c193cde9b47	138818014e478f88ff396309c7ce88b1
2018-07-04_00_In	2018-07-04	https://en.wikinews.org/wiki/In_Pictures:_Helsinki_Pride_2018_ends_after_record_number_of_attendees	In Pictures: Helsinki Pride 2018 ends after record number of attendees	d162d2dd97ba5f519e89cbeff52475cc	f3c9d295b4a00a5f5bb171747436aad6
2018-07-04_01_FIFA	2018-07-04	https://en.wikinews.org/wiki/FIFA_World_Cup_2018_Last_16:_Russia,_Croatia_beat_Spain,_Denmark_in_penalties	FIFA World Cup 2018 Last 16: Russia, Croatia beat Spain, Denmark in penalties	ea29800be2a04544aa4fc2e2e9d55212	2c3b5805f03fc240dda4ce1ff7cbe546
2018-07-05_00_FIFA	2018-07-05	https://en.wikinews.org/wiki/FIFA_World_Cup_2018_Last_16:_Brazil,_Belgium_advance_at_expense_of_Mexico,_Japan	FIFA World Cup 2018 Last 16: Brazil, Belgium advance at expense of Mexico, Japan	c552585e3679b3d985fc1fc55b2e4ea2	0201ed978f5b7c8f53f7ace246c190da
2018-07-06_00_French	2018-07-06	https://en.wikinews.org/wiki/French_football:_Gianluigi_Buffon_signs_one-year_contract_with_Paris_SG	French football: Gianluigi Buffon signs one-year contract with Paris SG	e233e2fe01aa7a72299488eb62814b44	980590c83dd1787d2f36b19b957eb5a3
2018-07-06_01_FIFA	2018-07-06	https://en.wikinews.org/wiki/FIFA_World_Cup_2018_Last_16:_Sweden,_England_knock_out_Switzerland,_Colombia	FIFA World Cup 2018 Last 16: Sweden, England knock out Switzerland, Colombia	758946e07125a1e2da0f4e8581199ac1	201878b4375fb738225876d73b17e5e2
2018-07-07_00_France	2018-07-07	https://en.wikinews.org/wiki/France:_Rainbow_pedestrian_crossings_%27will_be_permanent!%27,_Paris_mayor_says	France: Rainbow pedestrian crossings 'will be permanent!', Paris mayor says	d0194171169eaacfcee2930d245da7c3	85c87482f4623cc106020057979ef2d7
2018-07-09_00_FIFA	2018-07-09	https://en.wikinews.org/wiki/FIFA_World_Cup_2018_quarterfinals:_France,_Belgium_beat_Uruguay,_Brazil	FIFA World Cup 2018 quarterfinals: France, Belgium beat Uruguay, Brazil	1f0e165a519e61f85bb9a832e00ff00c	b3349b8b4d53398055afc586f97e5818
2018-07-10_00_FIFA	2018-07-10	https://en.wikinews.org/wiki/FIFA_World_Cup_2018_quarterfinals:_England_beats_Sweden,_Croatia_knocks_out_hosts_Russia	FIFA World Cup 2018 quarterfinals: England beats Sweden, Croatia knocks out hosts Russia	48c66413187636835b92ce6fe2f0e061	f2c473081d62a421b5cdbabbfb07d33f
2018-07-11_00_London	2018-07-11	https://en.wikinews.org/wiki/London_Pride_organisers_apologise_after_protestors_interrupt_parade	London Pride organisers apologise after protestors interrupt parade	90c3bba6f8c1056f5a01f9676f5cac03	c96e40cf35de7646ea1b977b4d22ff80
2018-07-12_00_Football	2018-07-12	https://en.wikinews.org/wiki/Football:_Cristiano_Ronaldo_leaves_Real_Madrid_for_Juventus	Football: Cristiano Ronaldo leaves Real Madrid for Juventus	5dfe02d49543624dddf1fae63a1baad6	cd5cd15d7c6f1e175ce4940b5e546396
2018-07-12_01_Football	2018-07-12	https://en.wikinews.org/wiki/Football:_Manchester_City_signs_Riyad_Mahrez_from_Leicester	Football: Manchester City signs Riyad Mahrez from Leicester	352040353df31ee25b2548010784b473	8decf5f9c28d0e7dfcf38d30dc85ea2b
2018-07-12_02_Spanish	2018-07-12	https://en.wikinews.org/wiki/Spanish_Football_Federation_appoints_Luis_Enrique_as_men%27s_national_team_coach	Spanish Football Federation appoints Luis Enrique as men's national team coach	c54249355fcfcb1fc75f103e038bd739	37b978509e28c3b48b0f5e066887658d
2018-07-13_00_FIFA	2018-07-13	https://en.wikinews.org/wiki/FIFA_World_Cup_2018_semifinals:_Croatia_sends_England_home,_2-1	FIFA World Cup 2018 semifinals: Croatia sends England home, 2-1	f60f590f3aa9bfdcd4756ab76b465e88	95a35b406fabdede6cf5a83a912d3580
2018-07-13_01_FIFA	2018-07-13	https://en.wikinews.org/wiki/FIFA_World_Cup_2018_semifinals:_Umtiti_scores_only_goal,_France_reaches_finals_beating_Belgium	FIFA World Cup 2018 semifinals: Umtiti scores only goal, France reaches finals beating Belgium	b04c982a44e6bd925c3c6ccd0c387413	e42b488ac9874c83316bea73983f7aec
2018-07-14_00_Swiss	2018-07-14	https://en.wikinews.org/wiki/Swiss_footballer_Xherdan_Shaqiri_joins_Liverpool	Swiss footballer Xherdan Shaqiri joins Liverpool	939daad511c149a7a061b850306002d5	89f7b8ac259de1eaac132bee733bdd7a
2018-07-15_00_English	2018-07-15	https://en.wikinews.org/wiki/English_football:_Chelsea_announces_Maurizio_Sarri_as_their_head_coach	English football: Chelsea announces Maurizio Sarri as their head coach	fd57797478bde145405e1c77e82b3de8	b7e98746b683ed476b27a903043840c9
2018-07-16_00_France	2018-07-16	https://en.wikinews.org/wiki/France_beats_Croatia_4-2_to_win_2018_FIFA_World_Cup	France beats Croatia 4-2 to win 2018 FIFA World Cup	22c995ed16e702d487848b7a90fc1aa3	9326274aa4f846d7cfd144f29776f615
2018-07-16_01_FIFA	2018-07-16	https://en.wikinews.org/wiki/FIFA_World_Cup_2018:_Belgium_beats_England_2-0_to_claim_third_place_finish	FIFA World Cup 2018: Belgium beats England 2-0 to claim third place finish	6b625e03e4532f9ecab6e35de7e6ef3b	cd79b579c3241b2474fbcdd61dafdc0e
2018-07-18_00_Indian	2018-07-18	https://en.wikinews.org/wiki/Indian_Supreme_Court:_unconstitutional_to_bar_women_of_certain_age_group_from_entering_Sabarimala_temple	Indian Supreme Court: unconstitutional to bar women of certain age group from entering Sabarimala temple	603450f20b6bfa73acd0f7b74b410809	70de59ad5ba7074bd3f76ed1634dfd5d
2018-07-19_00_After	2018-07-19	https://en.wikinews.org/wiki/After_signing_peace_declarations,_Eritrea_reopens_embassy_in_Ethiopian_capital_Addis_Ababa	After signing peace declarations, Eritrea reopens embassy in Ethiopian capital Addis Ababa	6efb44a4115696e560ad1ea3fc1dbf16	6e41808bd921a146800832e6cfaaf6a7
2018-07-19_01_US	2018-07-19	https://en.wikinews.org/wiki/US_astronomers_announce_discovering_ten_tiny_Jovian_satellites	US astronomers announce discovering ten tiny Jovian satellites	c2d43411bf07e9e815680e4066678275	3d7913b74ce023e89a67524927b0cacc
2018-07-20_00_Hindi	2018-07-20	https://en.wikinews.org/wiki/Hindi_poet_and_songwriter_Gopal_Das_Neeraj_dies,_aged_93	Hindi poet and songwriter Gopal Das Neeraj dies, aged 93	28691dc3968e53217c4c2a7d155119a4	2e1da43db55c85edf98200809c3c4771
2018-07-21_00_Cretaceous	2018-07-21	https://en.wikinews.org/wiki/Cretaceous_baby_snake_fossil_found_in_Myanmar	Cretaceous baby snake fossil found in Myanmar	42ee9d66dd8560c888f0e9a72346fb63	f698da5c37c9eb52d22da5bd9a009263
2018-07-22_00_Israeli	2018-07-22	https://en.wikinews.org/wiki/Israeli_Knesset_passes_%27Jewish_nation-state%27_bill	Israeli Knesset passes 'Jewish nation-state' bill	6fd02c531fbe4a5127d9617aefe6c764	7a03ef60f5cdccfa4ad7dc09c977c116
2018-07-23_00_US	2018-07-23	https://en.wikinews.org/wiki/US_director_James_Gunn_fired_from_Marvel_Studios_for_decade-old_offensive_tweets	US director James Gunn fired from Marvel Studios for decade-old offensive tweets	a5eeeea0e1de78e5ecf6397606c6b637	9a00c1eecd7dbdbac285d148b0c17cc8
2018-07-25_00_German	2018-07-25	https://en.wikinews.org/wiki/German_footballer_Mesut_%C3%96zil_announces_retirement_from_international_football_over_%27racism%27	German footballer Mesut Özil announces retirement from international football over 'racism'	b362ad28d920ae8eee0525fd84b1718f	f694d5f7132411cb788ca97af30ba19b
2018-07-26_00_Palestine	2018-07-26	https://en.wikinews.org/wiki/Palestine_elected_as_G-77%27s_presiding_country,_ambassador_Riyad_Mansour_confirms	Palestine elected as G-77's presiding country, ambassador Riyad Mansour confirms	af1b34d47d3823d5888673c08705549c	f24de126388de33517e69e5382abb9ac
2018-07-30_00_First	2018-07-30	https://en.wikinews.org/wiki/First-ever_Dublin_Trans_Pride_attracts_hundreds	First-ever Dublin Trans Pride attracts hundreds	a83f7eb181b666704a41f013d7bf010e	210255d5806e9169c3ea9de4f68e92dc
2018-07-31_00_40th	2018-07-31	https://en.wikinews.org/wiki/40th_Berlin_Christopher_Street_Day_celebration_attracts_thousands:_in_pictures	40th Berlin Christopher Street Day celebration attracts thousands: in pictures	3c66527a846defa7eca71721b7ac97f6	84736cfbb59975ab473782907f7c0bb6
2018-07-31_01_Total	2018-07-31	https://en.wikinews.org/wiki/Total_lunar_eclipse_occurs_in_July_2018	Total lunar eclipse occurs in July 2018	7ff6b370c340bafdebfc9713ba63a45a	3dddb3c8a275f73c2163265f42f95261
2018-08-04_00_French	2018-08-04	https://en.wikinews.org/wiki/French_footballer_Lucas_Digne_joins_Everton_FC_on_five-year_contract	French footballer Lucas Digne joins Everton FC on five-year contract	58fc26efcd66d924894cdd5e3b67fe1f	e9fc702919f6ace04c6b74aae6845ab0
2018-08-05_00_FC	2018-08-05	https://en.wikinews.org/wiki/FC_Barcelona_signs_Chilean_footballer_Arturo_Vidal_from_Bayern	FC Barcelona signs Chilean footballer Arturo Vidal from Bayern	a794258936a9078964b89bc89ff416d7	03a35be5d4c44f2c9d80765cd65eda3d
2018-08-06_00_Brazilian	2018-08-06	https://en.wikinews.org/wiki/Brazilian_footballer_Gabriel_Jesus_signs_contract_extension_with_Manchester_City	Brazilian footballer Gabriel Jesus signs contract extension with Manchester City	22398eade5afc5f7d8886fa5f352b73c	9bfbfc78880d21b275bf02cbd037a97c
2018-08-06_01_Spanish	2018-08-06	https://en.wikinews.org/wiki/Spanish_football:_Sevilla_signs_Aleix_Vidal_from_FC_Barcelona	Spanish football: Sevilla signs Aleix Vidal from FC Barcelona	6f30b281ae32c8ce0144098ec2f7f2c5	63579875a6f9cdd4d3d2903d7eea2155
2018-08-08_00_Football	2018-08-08	https://en.wikinews.org/wiki/Football:_Manchester_City_beats_Chelsea_2-0_to_win_English_Community_Shield	Football: Manchester City beats Chelsea 2-0 to win English Community Shield	c4aae9a3d0ade199061e77528de240e4	2230843ed824590fa01546cf12b6ed04
2018-08-09_00_Real	2018-08-09	https://en.wikinews.org/wiki/Real_Madrid_agrees_with_Chelsea_FC_to_sign_goalkeeper_Thibaut_Courtois	Real Madrid agrees with Chelsea FC to sign goalkeeper Thibaut Courtois	3c7d2bcff2e950c827082e7cc8455d15	2a6a1364f7ed4680711d8af85217fb2d
2018-08-10_00_New	2018-08-10	https://en.wikinews.org/wiki/New_South_Wales,_Australia_government_says_entire_state_in_winter_2018_drought	New South Wales, Australia government says entire state in winter 2018 drought	1b5a80f11b3627927059cf67df58eac7	ef2dd871b77b99a895e4fe652b6d614e
2018-08-18_00_Singer	2018-08-18	https://en.wikinews.org/wiki/Singer_Aretha_Franklin,_%27queen_of_soul%27,_dies_aged_76	Singer Aretha Franklin, 'queen of soul', dies aged 76	bfc9fe517a257750fdf6ae848538786e	b21e165c5ba1591b7192a2f68c7457a3
2018-08-25_00_Fossil	2018-08-25	https://en.wikinews.org/wiki/Fossil_genome_shows_hybrid_of_two_extinct_species_of_human	Fossil genome shows hybrid of two extinct species of human	11f1f1636ca2d62ae4ae1bdc0d3a9da1	07fa3c2acabd71a941e8342096565d05
2018-08-30_00_Brisbane	2018-08-30	https://en.wikinews.org/wiki/Brisbane,_Australia_Magistrates_Court_charges_two_cotton_farmers_with_$20m_fraud	Brisbane, Australia Magistrates Court charges two cotton farmers with $20m fraud	e7375802108ec6b5858305e30138681a	7f13f2e50ccf3c9733bc781d7ed7d735
2018-09-04_00_Creativity	2018-09-04	https://en.wikinews.org/wiki/Creativity_celebrated_at_Fan_Expo_Canada_2018_in_Toronto	Creativity celebrated at Fan Expo Canada 2018 in Toronto	60369dcf011e738227dddf3d8adc7bd6	87c03e0172ecba287ebff3bc5be53da1
2018-09-09_00_US	2018-09-09	https://en.wikinews.org/wiki/US_rapper_Mac_Miller_dies_at_home_in_Los_Angeles	US rapper Mac Miller dies at home in Los Angeles	2962d197c8a694040999239485e5b8b4	e981882a3060efdb8821be2ea9a52e5d
2018-09-11_00_Russians	2018-09-11	https://en.wikinews.org/wiki/Russians_protest_against_pension_reform	Russians protest against pension reform	52e3f8a22aa8f027e07c781ed322e7a9	e60c0b4f6607b14c28ec18b8b932d0b7
2018-09-20_00_NASA	2018-09-20	https://en.wikinews.org/wiki/NASA%27s_TESS_spacecraft_reports_its_first_exoplanet	NASA's TESS spacecraft reports its first exoplanet	3d0816683921e2f8af9a1010be9e5634	f52d5f37b72f58098644758b70b45e3c
2018-09-26_00_Study	2018-09-26	https://en.wikinews.org/wiki/Study_suggests_Mars_hosted_life-sustaining_habitat_for_millions_of_years	Study suggests Mars hosted life-sustaining habitat for millions of years	052856003e6c393fc51546dabec27c1f	04c3c206860add3ad9f0c7d5daed5096
2018-09-29_00_Airplane	2018-09-29	https://en.wikinews.org/wiki/Airplane_crashes_into_ocean_in_Micronesia	Airplane crashes into ocean in Micronesia	99273840487c9fd9c7494fb0a610f1a1	d55ac58af23d3d406761b0fa51b7f2dc
2018-10-10_00_UN	2018-10-10	https://en.wikinews.org/wiki/UN_Report_on_Global_Warming_calls_for_rapid_%27unprecedented%27_changes_globally_to_limit_planetary_warming_to_1.5_degree_C	UN Report on Global Warming calls for rapid 'unprecedented' changes globally to limit planetary warming to 1.5 degree C	1e1b972b9c22e45aa107873fcab96a7a	564f128e203e97d4edb996514f2e2471
2018-10-12_00_Manned	2018-10-12	https://en.wikinews.org/wiki/Manned_Soyuz_space_mission_aborts_during_launch	Manned Soyuz space mission aborts during launch	1f843ad896b7622528f79495fd44fe6d	1c227d1dca21327a1feb8aa87345f26f
2018-10-18_00_U	2018-10-18	https://en.wikinews.org/wiki/U.S._Senator_Elizabeth_Warren_releases_DNA_test_results,_asks_Donald_Trump_to_make_promised_donation	U.S. Senator Elizabeth Warren releases DNA test results, asks Donald Trump to make promised donation	f64b249c50f4e698fc7ffa49b1abc20b	b2a0fa03b80487b01de05c06ac2d2e12
2018-10-20_00_Israeli	2018-10-20	https://en.wikinews.org/wiki/Israeli_Supreme_Court_overturns_expulsion_of_US_student	Israeli Supreme Court overturns expulsion of US student	d369978c4d69dadeda4bc2bd80b030bf	60969b24b5c2edd2a6f9dde02e913246
2018-10-23_00_Train	2018-10-23	https://en.wikinews.org/wiki/Train_derails_near_Xinma_station_in_Yilan,_Taiwan	Train derails near Xinma station in Yilan, Taiwan	0b6af83d3be05a8d5dd730dde22a40ba	fc53c79662955602b65487bd9aa06ab9
2018-10-24_00_Jordan	2018-10-24	https://en.wikinews.org/wiki/Jordan_declares_intent_not_to_renew_land_lease_to_Israel	Jordan declares intent not to renew land lease to Israel	d774deb70bf3ebd05d20b7c9db76d589	799c9286a2c45590bb6444d225da25e0
2018-10-29_00_Technology	2018-10-29	https://en.wikinews.org/wiki/Technology_giant_Microsoft_completes_acquisition_of_GitHub	Technology giant Microsoft completes acquisition of GitHub	ded1842114343a311893c7c2b1b2fa7b	1481109b510a33f96b70541f91558aca
2018-10-30_00_22nd	2018-10-30	https://en.wikinews.org/wiki/22nd_annual_ILGA-Europe_conference_meets_in_Brussels:_in_pictures	22nd annual ILGA-Europe conference meets in Brussels: in pictures	ce3d3bef752ff81b58c5285553803017	e20c2fe7dee58041e137f17902401837
2018-10-30_01_In	2018-10-30	https://en.wikinews.org/wiki/In_pictures:_thousands_attend_16th_annual_Taiwan_Pride	In pictures: thousands attend 16th annual Taiwan Pride	e627ee07d88e9a3eba49b3e568677231	b56cbfac48c5e6d515d0dc0b56b5554b
2018-10-30_02_Football	2018-10-30	https://en.wikinews.org/wiki/Football:_Su%C3%A1rez_scores_hat-trick_as_Bar%C3%A7a_thrashes_Real_Madrid_5-1	Football: Suárez scores hat-trick as Barça thrashes Real Madrid 5-1	a351529a669f5260e06837165ab78f4a	9310d73e5da6df33c997af8fd2a9668e
2018-10-31_00_Syria	2018-10-31	https://en.wikinews.org/wiki/Syria%27s_National_Museum_re-opens_after_six_years_of_civil_war	Syria's National Museum re-opens after six years of civil war	2a5ca30e961d306b5730eacc5825eeec	3eeae783c4acce5b506c0f73a315ab3e
2018-11-03_00_Pakistan	2018-11-03	https://en.wikinews.org/wiki/Pakistan_Supreme_Court_acquits_Asia_Bibi_from_blasphemy_charges_after_eight_years_of_confinement	Pakistan Supreme Court acquits Asia Bibi from blasphemy charges after eight years of confinement	93a0b539a1b58587a3a90bf600fef5dc	635d8c73cacf6baeecc4863456df2461
2018-11-04_00_Convicted	2018-11-04	https://en.wikinews.org/wiki/Convicted_double_murderer_executed_by_electric_chair_in_Tennessee,_US	Convicted double murderer executed by electric chair in Tennessee, US	ddf4dcd23f377401f394f3aece24556d	422f54c195c1b5a1156afab2449aba0c
2018-11-05_00_Storm	2018-11-05	https://en.wikinews.org/wiki/Storm_causes_building_wall_at_Amazon.com_warehouse_to_collapse	Storm causes building wall at Amazon.com warehouse to collapse	8eefe3db3f33d51b27c8f8a6ef84964f	95cc8844fb17ecea2266046607b0a835
2018-11-06_00_Ross	2018-11-06	https://en.wikinews.org/wiki/Ross_Edgley_swims_around_Great_Britain_for_first_time_in_history	Ross Edgley swims around Great Britain for first time in history	94cd934de0927f44b286d0934bb3c539	11050cf827c65c8984f64d898bbdab03
2018-11-09_00_Mass	2018-11-09	https://en.wikinews.org/wiki/Mass_graves_of_thousands_of_ISIL_victims_found,_UN_reports	Mass graves of thousands of ISIL victims found, UN reports	632fcf42906328a428320a05feb62224	7c09fc21add1f197f3c0bd9e9d0760bf
2018-11-12_00_Dozens	2018-11-12	https://en.wikinews.org/wiki/Dozens_of_people_killed_in_Mogadishu,_Somalia_car_bombings_near_Sahafi_Hotel	Dozens of people killed in Mogadishu, Somalia car bombings near Sahafi Hotel	704c4210093759ba86a604c9147cd181	7db60f1d40fd3c8265ba62a22f2669e2
2018-11-13_00_Merkel	2018-11-13	https://en.wikinews.org/wiki/Merkel,_Macron_hold_ceremonial_meeting_before_100th_anniversary_of_World_War_I_end	Merkel, Macron hold ceremonial meeting before 100th anniversary of World War I end	4c519decbff8db997f76afe52a6b1c77	7bc39ad3febdf42960b1a8e02a7285cf
2018-11-14_00_Israel	2018-11-14	https://en.wikinews.org/wiki/Israel_and_Palestinian_militants_agree_to_ceasefire_after_worse_Gaza_violence_since_2014	Israel and Palestinian militants agree to ceasefire after worse Gaza violence since 2014	a447d1636caacae73cae9e8da3c97f0c	d916b4c22644a6ae034ffaffc1050be2
2018-11-22_00_Airbnb	2018-11-22	https://en.wikinews.org/wiki/Airbnb_announces_intent_to_remove_Israeli_West_Bank_settlement_property_listings	Airbnb announces intent to remove Israeli West Bank settlement property listings	a7c74e4151e4d3a329968cd259fa840f	6eef358b1b6f8e9b33623307f0306be5
2018-11-26_00_US	2018-11-26	https://en.wikinews.org/wiki/US_National_Climate_Assessment_warns_of_climate-related_damages_to_economy,_ecosystems,_human_health	US National Climate Assessment warns of climate-related damages to economy, ecosystems, human health	ab17b054b66d8e8c08643788a637ed9c	44a3b5a8ecdfee9892e136ab7ffae949
2018-11-29_00_Wikinews	2018-11-29	https://en.wikinews.org/wiki/Wikinews_attends_2018_Bangalore_ComicCon	Wikinews attends 2018 Bangalore ComicCon	66f62b163aab1a96df0d4a362e598324	c5248929a904f98e8a27d91d610b2373
2018-11-29_01_NASA	2018-11-29	https://en.wikinews.org/wiki/NASA%27s_InSight_Lander_makes_it_to_Mars	NASA's InSight Lander makes it to Mars	0af4a5bdf56e67d2d6fe5037ffdd56a1	210ade7ceb530971b0bb6573779715c6
2018-12-01_00_Greek	2018-12-01	https://en.wikinews.org/wiki/Greek_police_arrest_more_than_60_people_for_gold_smuggling	Greek police arrest more than 60 people for gold smuggling	06e92e155a703f2321a41161368b35e9	bc7911d0fa529164f052d46e75af47ef
2018-12-03_00_Investigation	2018-12-03	https://en.wikinews.org/wiki/Investigation_of_Deutsche_Bank_headquarters_spills_into_second_day	Investigation of Deutsche Bank headquarters spills into second day	ac649d9985ef1c34c24b2ea1113a7dfe	a55ed3448a986247740c0884e63bd9e8
2018-12-06_00_UK	2018-12-06	https://en.wikinews.org/wiki/UK_Parliament_begins_debate_on_Brexit_deal	UK Parliament begins debate on Brexit deal	c0d602f816e61e6bcc2b9de4c7b6134d	b78c7a782b37a98bafb2e7e743747224
2018-12-17_00_Fire	2018-12-17	https://en.wikinews.org/wiki/Fire_breaks_out_at_Chester_Zoo,_England	Fire breaks out at Chester Zoo, England	5094c8689f32d8c295248ffce1aa54e9	f498fbf0597be62c6d7a4360ef5ee929
2018-12-18_00_Australia	2018-12-18	https://en.wikinews.org/wiki/Australia_now_recognises_West_Jerusalem_as_Israeli_capital,_Prime_Minister_Scott_Morrison_announces	Australia now recognises West Jerusalem as Israeli capital, Prime Minister Scott Morrison announces	85b1369d055572fa015f626babba603d	744181c11d673c993c725a3fc193229b
2018-12-19_00_Passengers	2018-12-19	https://en.wikinews.org/wiki/Passengers_evacuated_at_Prague_airport_after_drawing_of_bomb_found_in_plane	Passengers evacuated at Prague airport after drawing of bomb found in plane	95a87816f922261480b3e6226cd3dbb5	aa832b0c3d39d6716eda7185361c1670
2018-12-23_00_UK	2018-12-23	https://en.wikinews.org/wiki/UK_police_locate_missing_Chinese_teen_Mei_Chen,_silent_on_details	UK police locate missing Chinese teen Mei Chen, silent on details	302f8d02b37c18467fcb081aafaa45c0	f17d464673ce56af6de4054c5afee75e
2018-12-25_00_US	2018-12-25	https://en.wikinews.org/wiki/US_warns_Spain_of_Christmas_bus_ramming_plot_in_Barcelona	US warns Spain of Christmas bus ramming plot in Barcelona	b3cb06a7ae39460ad94cebeae6cb626b	0643e731ce10db4219d30aeac8f2856e
2018-12-25_01_Indonesia	2018-12-25	https://en.wikinews.org/wiki/Indonesia_tsunami_hits_Sunda_Strait_after_Krakatoa_eruption	Indonesia tsunami hits Sunda Strait after Krakatoa eruption	fa7932ffe3ac8a809f744dcf596bc4f5	a02988f409d935b440e8b99ea6bdeda8
2018-12-28_00_Police	2018-12-28	https://en.wikinews.org/wiki/Police_warn_new_drone_owners_to_obey_law_after_disruption_at_UK%27s_Gatwick_Airport	Police warn new drone owners to obey law after disruption at UK's Gatwick Airport	c8446b507ccf38419c1998e69814f205	c40ac6b97a8d466b3fcbdfbef3501587
2018-12-29_00_German	2018-12-29	https://en.wikinews.org/wiki/German_government_considers_introducing_mosque_taxes,_like_church_taxes	German government considers introducing mosque taxes, like church taxes	64bea90245476ee79c213eb1a069c133	6327260e7e1ba6f044384c32748bbb7d
2018-12-30_00_US	2018-12-30	https://en.wikinews.org/wiki/US_political_pundit_Bre_Payton,_26,_dies_suddenly	US political pundit Bre Payton, 26, dies suddenly	6df3e7c8768cc3d7cc7debc43410cf6f	e1da5075c96b6cdc4e45053645d885af
2018-12-31_00_Scottish	2018-12-31	https://en.wikinews.org/wiki/Scottish_Borders_minibus_crash_kills_one,_injures_23	Scottish Borders minibus crash kills one, injures 23	f779c074492ad1c3ca8e8b2440b621d4	b1b75208f523cd9f40f96ed4e9ad3f99
